connected,1
timestamp,2026-03-17T13:01:28.2875251+01:00
ip,192.168.1.227
joints,0,0,0,0,0,0
cartesian,207,4.705705E-14,25,-180,0,8.827813E-32
