sequence,28
timestamp,2026-03-17T11:25:15
mode,cartesian_ik_execute
values,207.0049,-0.001190781,38.00251,-180.0,-0.001209477,-2.197266E-4
